index,_key,_id
0,1,anolis_nodes/1
1,2,anolis_nodes/2
2,3,anolis_nodes/3
3,4,anolis_nodes/4
4,5,anolis_nodes/5
5,6,anolis_nodes/6
6,7,anolis_nodes/7
7,8,anolis_nodes/8
8,9,anolis_nodes/9
9,10,anolis_nodes/10
10,11,anolis_nodes/11
11,12,anolis_nodes/12
12,13,anolis_nodes/13
13,14,anolis_nodes/14
14,15,anolis_nodes/15
15,16,anolis_nodes/16
16,17,anolis_nodes/17
17,18,anolis_nodes/18
18,19,anolis_nodes/19
19,20,anolis_nodes/20
20,21,anolis_nodes/21
21,22,anolis_nodes/22
22,23,anolis_nodes/23
23,24,anolis_nodes/24
24,25,anolis_nodes/25
25,26,anolis_nodes/26
26,27,anolis_nodes/27
27,28,anolis_nodes/28
28,29,anolis_nodes/29
29,30,anolis_nodes/30
30,31,anolis_nodes/31
31,32,anolis_nodes/32
32,33,anolis_nodes/33
33,34,anolis_nodes/34
34,35,anolis_nodes/35
35,36,anolis_nodes/36
36,37,anolis_nodes/37
37,38,anolis_nodes/38
38,39,anolis_nodes/39
39,40,anolis_nodes/40
40,41,anolis_nodes/41
41,42,anolis_nodes/42
42,43,anolis_nodes/43
43,44,anolis_nodes/44
44,45,anolis_nodes/45
45,46,anolis_nodes/46
46,47,anolis_nodes/47
47,48,anolis_nodes/48
48,49,anolis_nodes/49
49,50,anolis_nodes/50
50,51,anolis_nodes/51
51,52,anolis_nodes/52
52,53,anolis_nodes/53
53,54,anolis_nodes/54
54,55,anolis_nodes/55
55,56,anolis_nodes/56
56,57,anolis_nodes/57
57,58,anolis_nodes/58
58,59,anolis_nodes/59
59,60,anolis_nodes/60
60,61,anolis_nodes/61
61,62,anolis_nodes/62
62,63,anolis_nodes/63
63,64,anolis_nodes/64
64,65,anolis_nodes/65
65,66,anolis_nodes/66
66,67,anolis_nodes/67
67,68,anolis_nodes/68
68,69,anolis_nodes/69
69,70,anolis_nodes/70
70,71,anolis_nodes/71
71,72,anolis_nodes/72
72,73,anolis_nodes/73
73,74,anolis_nodes/74
74,75,anolis_nodes/75
75,76,anolis_nodes/76
76,77,anolis_nodes/77
77,78,anolis_nodes/78
78,79,anolis_nodes/79
79,80,anolis_nodes/80
80,81,anolis_nodes/81
81,82,anolis_nodes/82
82,83,anolis_nodes/83
83,84,anolis_nodes/84
84,85,anolis_nodes/85
85,86,anolis_nodes/86
86,87,anolis_nodes/87
87,88,anolis_nodes/88
88,89,anolis_nodes/89
89,90,anolis_nodes/90
90,91,anolis_nodes/91
91,92,anolis_nodes/92
92,93,anolis_nodes/93
93,94,anolis_nodes/94
94,95,anolis_nodes/95
95,96,anolis_nodes/96
96,97,anolis_nodes/97
97,98,anolis_nodes/98
98,99,anolis_nodes/99
0,101,anolis_nodes/101
1,102,anolis_nodes/102
2,103,anolis_nodes/103
3,104,anolis_nodes/104
4,105,anolis_nodes/105
5,106,anolis_nodes/106
6,107,anolis_nodes/107
7,108,anolis_nodes/108
8,108,anolis_nodes/108
9,107,anolis_nodes/107
10,106,anolis_nodes/106
11,105,anolis_nodes/105
12,109,anolis_nodes/109
13,110,anolis_nodes/110
14,111,anolis_nodes/111
15,112,anolis_nodes/112
16,112,anolis_nodes/112
17,113,anolis_nodes/113
18,113,anolis_nodes/113
19,111,anolis_nodes/111
20,110,anolis_nodes/110
21,109,anolis_nodes/109
22,114,anolis_nodes/114
23,115,anolis_nodes/115
24,116,anolis_nodes/116
25,116,anolis_nodes/116
26,115,anolis_nodes/115
27,114,anolis_nodes/114
28,104,anolis_nodes/104
29,117,anolis_nodes/117
30,118,anolis_nodes/118
31,119,anolis_nodes/119
32,120,anolis_nodes/120
33,120,anolis_nodes/120
34,119,anolis_nodes/119
35,118,anolis_nodes/118
36,117,anolis_nodes/117
37,121,anolis_nodes/121
38,121,anolis_nodes/121
39,103,anolis_nodes/103
40,122,anolis_nodes/122
41,123,anolis_nodes/123
42,124,anolis_nodes/124
43,124,anolis_nodes/124
44,123,anolis_nodes/123
45,125,anolis_nodes/125
46,126,anolis_nodes/126
47,127,anolis_nodes/127
48,127,anolis_nodes/127
49,126,anolis_nodes/126
50,128,anolis_nodes/128
51,128,anolis_nodes/128
52,125,anolis_nodes/125
53,129,anolis_nodes/129
54,129,anolis_nodes/129
55,122,anolis_nodes/122
56,130,anolis_nodes/130
57,131,anolis_nodes/131
58,132,anolis_nodes/132
59,132,anolis_nodes/132
60,133,anolis_nodes/133
61,133,anolis_nodes/133
62,131,anolis_nodes/131
63,130,anolis_nodes/130
64,102,anolis_nodes/102
65,134,anolis_nodes/134
66,135,anolis_nodes/135
67,136,anolis_nodes/136
68,136,anolis_nodes/136
69,137,anolis_nodes/137
70,138,anolis_nodes/138
71,139,anolis_nodes/139
72,139,anolis_nodes/139
73,138,anolis_nodes/138
74,137,anolis_nodes/137
75,140,anolis_nodes/140
76,140,anolis_nodes/140
77,141,anolis_nodes/141
78,141,anolis_nodes/141
79,135,anolis_nodes/135
80,142,anolis_nodes/142
81,143,anolis_nodes/143
82,144,anolis_nodes/144
83,145,anolis_nodes/145
84,145,anolis_nodes/145
85,146,anolis_nodes/146
86,147,anolis_nodes/147
87,147,anolis_nodes/147
88,146,anolis_nodes/146
89,148,anolis_nodes/148
90,149,anolis_nodes/149
91,149,anolis_nodes/149
92,148,anolis_nodes/148
93,144,anolis_nodes/144
94,150,anolis_nodes/150
95,150,anolis_nodes/150
96,143,anolis_nodes/143
97,142,anolis_nodes/142
98,151,anolis_nodes/151
99,152,anolis_nodes/152
100,153,anolis_nodes/153
101,154,anolis_nodes/154
102,155,anolis_nodes/155
103,156,anolis_nodes/156
104,156,anolis_nodes/156
105,155,anolis_nodes/155
106,154,anolis_nodes/154
107,153,anolis_nodes/153
108,152,anolis_nodes/152
109,151,anolis_nodes/151
110,157,anolis_nodes/157
111,157,anolis_nodes/157
112,158,anolis_nodes/158
113,158,anolis_nodes/158
114,159,anolis_nodes/159
115,159,anolis_nodes/159
116,134,anolis_nodes/134
117,160,anolis_nodes/160
118,161,anolis_nodes/161
119,162,anolis_nodes/162
120,163,anolis_nodes/163
121,164,anolis_nodes/164
122,165,anolis_nodes/165
123,166,anolis_nodes/166
124,167,anolis_nodes/167
125,167,anolis_nodes/167
126,166,anolis_nodes/166
127,165,anolis_nodes/165
128,168,anolis_nodes/168
129,168,anolis_nodes/168
130,164,anolis_nodes/164
131,169,anolis_nodes/169
132,170,anolis_nodes/170
133,171,anolis_nodes/171
134,171,anolis_nodes/171
135,170,anolis_nodes/170
136,169,anolis_nodes/169
137,163,anolis_nodes/163
138,162,anolis_nodes/162
139,172,anolis_nodes/172
140,173,anolis_nodes/173
141,173,anolis_nodes/173
142,172,anolis_nodes/172
143,174,anolis_nodes/174
144,174,anolis_nodes/174
145,175,anolis_nodes/175
146,175,anolis_nodes/175
147,161,anolis_nodes/161
148,176,anolis_nodes/176
149,177,anolis_nodes/177
150,177,anolis_nodes/177
151,176,anolis_nodes/176
152,178,anolis_nodes/178
153,179,anolis_nodes/179
154,180,anolis_nodes/180
155,180,anolis_nodes/180
156,181,anolis_nodes/181
157,181,anolis_nodes/181
158,179,anolis_nodes/179
159,182,anolis_nodes/182
160,182,anolis_nodes/182
161,178,anolis_nodes/178
162,160,anolis_nodes/160
163,183,anolis_nodes/183
164,183,anolis_nodes/183
165,101,anolis_nodes/101
166,184,anolis_nodes/184
167,185,anolis_nodes/185
168,186,anolis_nodes/186
169,186,anolis_nodes/186
170,185,anolis_nodes/185
171,187,anolis_nodes/187
172,188,anolis_nodes/188
173,189,anolis_nodes/189
174,190,anolis_nodes/190
175,190,anolis_nodes/190
176,191,anolis_nodes/191
177,191,anolis_nodes/191
178,189,anolis_nodes/189
179,188,anolis_nodes/188
180,187,anolis_nodes/187
181,192,anolis_nodes/192
182,193,anolis_nodes/193
183,194,anolis_nodes/194
184,194,anolis_nodes/194
185,195,anolis_nodes/195
186,195,anolis_nodes/195
187,196,anolis_nodes/196
188,196,anolis_nodes/196
189,193,anolis_nodes/193
190,192,anolis_nodes/192
191,197,anolis_nodes/197
192,198,anolis_nodes/198
193,199,anolis_nodes/199
194,199,anolis_nodes/199
195,198,anolis_nodes/198
196,197,anolis_nodes/197
197,184,anolis_nodes/184